text_id	label_id
1	9
2	2
3	5
4	7
5	5
6	9
7	6
8	5
9	5
10	6
11	2
12	9
13	5
14	5
15	2
16	5
17	2
18	2
19	6
20	3
21	5
22	2
23	5
24	2
25	7
26	2
27	5
28	2
29	9
30	5
31	9
32	1
33	6
34	5
35	5
36	9
37	2
38	9
39	9
40	2
41	5
42	9
43	3
44	9
45	5
46	1
47	5
48	5
49	8
50	9
51	7
52	2
53	9
54	2
55	2
56	3
57	6
58	3
59	6
60	2
61	1
62	2
63	2
64	5
65	2
66	5
67	2
68	5
69	5
70	2
71	3
72	8
73	5
74	5
75	2
76	2
77	9
78	2
79	5
80	2
81	5
82	2
83	2
84	3
85	1
86	6
87	9
88	2
89	5
90	4
91	5
92	5
93	5
94	6
95	9
96	10
97	6
98	2
99	5
100	9
101	2
102	5
103	9
104	2
105	9
106	3
107	5
108	1
109	5
110	5
111	6
112	5
113	2
114	9
115	2
116	6
117	2
118	2
119	7
120	5
121	3
122	5
123	9
124	5
125	4
126	5
127	8
128	7
129	5
130	5
131	5
132	2
133	2
134	5
135	5
136	9
137	5
138	2
139	9
140	3
141	5
142	6
143	2
144	2
145	4
146	3
147	6
148	3
149	2
150	6
151	2
152	2
153	5
154	9
155	3
156	5
157	5
158	9
159	3
160	1
161	5
162	5
163	5
164	1
165	5
166	6
167	5
168	5
169	6
170	2
171	5
172	7
173	2
174	9
175	2
176	5
177	3
178	3
179	5
180	5
181	5
182	6
183	2
184	5
185	5
186	5
187	9
188	5
189	5
190	5
191	7
192	6
193	5
194	5
195	6
196	1
197	5
198	9
199	6
200	8
201	5
202	2
203	5
204	9
205	5
206	2
207	5
208	5
209	2
210	2
211	5
212	5
213	6
214	5
215	3
216	5
217	5
218	4
219	2
220	6
221	9
222	9
223	9
224	9
225	5
226	8
227	5
228	5
229	2
230	6
231	5
232	10
233	5
234	2
235	2
236	5
237	1
238	8
239	3
240	2
241	2
242	3
243	5
244	5
245	9
246	6
247	3
248	5
249	1
250	6
251	2
252	5
253	7
254	2
255	9
256	5
257	7
258	1
259	2
260	5
261	9
262	9
263	5
264	2
265	5
266	5
267	9
268	6
269	2
270	6
271	2
272	5
273	5
274	9
275	5
276	9
277	5
278	6
279	5
280	4
281	5
282	6
283	4
284	2
285	2
286	4
287	5
288	5
289	5
290	9
291	9
292	5
293	2
294	2
295	5
296	3
297	9
298	9
299	8
300	9
301	2
302	9
303	5
304	5
305	5
306	5
307	5
308	2
309	2
310	1
311	5
312	2
313	6
314	2
315	2
316	5
317	5
318	5
319	5
320	2
321	5
322	5
323	9
324	9
325	6
326	5
327	5
328	3
329	5
330	5
331	5
332	9
333	5
334	5
335	5
336	5
337	5
338	5
339	9
340	5
341	5
342	9
343	9
344	9
345	6
346	6
347	5
348	9
349	6
350	9
351	5
352	6
353	3
354	5
355	5
356	5
357	5
358	5
359	9
360	5
361	5
362	5
363	5
364	8
365	9
366	2
367	5
368	5
369	2
370	9
371	6
372	2
373	5
374	2
375	5
376	4
377	2
378	6
379	9
380	5
381	5
382	5
383	5
384	4
385	5
386	5
387	5
388	5
389	9
390	6
391	5
392	5
393	6
394	5
395	9
396	3
397	6
398	5
399	2
400	2
401	1
402	6
403	9
404	5
405	5
406	5
407	5
408	9
409	2
410	5
411	9
412	9
413	9
414	2
415	9
416	6
417	5
418	5
419	5
420	5
421	2
422	10
423	5
424	5
425	1
426	5
427	3
428	5
429	2
430	9
431	8
432	2
433	5
434	5
435	9
436	2
437	5
438	2
439	2
440	5
441	5
442	6
443	2
444	2
445	2
446	5
447	9
448	5
449	5
450	5
451	5
452	5
453	9
454	9
455	2
456	9
457	5
458	5
459	5
460	9
461	8
462	3
463	5
464	2
465	3
466	9
467	3
468	9
469	6
470	9
471	3
472	9
473	2
474	5
475	1
476	1
477	4
478	2
479	2
480	2
481	5
482	5
483	2
484	9
485	9
486	1
487	10
488	6
489	5
490	2
491	3
492	3
493	8
494	6
495	5
496	5
497	2
498	10
499	3
500	3
501	2
502	2
503	3
504	5
505	4
506	5
507	5
508	5
509	2
510	5
511	6
512	5
513	5
514	5
515	6
516	5
517	6
518	3
519	9
520	2
521	2
522	5
523	5
524	5
525	3
526	6
527	5
528	5
529	5
530	9
531	5
532	2
533	5
534	8
535	5
536	5
537	9
538	5
539	3
540	9
541	2
542	5
543	1
544	6
545	9
546	9
547	5
548	3
549	5
550	2
551	5
552	2
553	5
554	2
555	2
556	10
557	2
558	5
559	5
560	9
561	5
562	5
563	6
564	5
565	2
566	5
567	2
568	5
569	5
570	3
571	5
572	5
573	5
574	2
575	5
576	9
577	4
578	9
579	9
580	9
581	5
582	5
583	2
584	3
585	5
586	5
587	6
588	2
589	7
590	2
591	5
592	3
593	5
594	2
595	6
596	6
597	5
598	9
599	6
600	6
601	5
602	6
603	6
604	6
605	6
606	3
607	9
608	2
609	2
610	7
611	3
612	5
613	5
614	2
615	6
616	5
617	9
618	9
619	3
620	5
621	2
622	2
623	5
624	5
625	2
626	5
627	6
628	1
629	9
630	3
631	6
632	4
633	3
634	9
635	5
636	1
637	5
638	2
639	2
640	5
641	8
642	2
643	9
644	2
645	2
646	2
647	3
648	5
649	9
650	2
651	3
652	2
653	2
654	5
655	5
656	5
657	5
658	5
659	3
660	3
661	2
662	2
663	9
664	2
665	5
666	6
667	6
668	10
669	5
670	2
671	3
672	6
673	2
674	5
675	5
676	5
677	5
678	9
679	6
680	5
681	5
682	7
683	4
684	9
685	5
686	2
687	5
688	6
689	3
690	9
691	5
692	5
693	5
694	5
695	2
696	1
697	6
698	3
699	9
700	1
701	5
702	8
703	5
704	5
705	9
706	6
707	9
708	6
709	3
710	2
711	5
712	3
713	5
714	5
715	5
716	5
717	5
718	5
719	3
720	6
721	2
722	3
723	5
724	10
725	9
726	5
727	2
728	9
729	2
730	6
731	3
732	5
733	2
734	2
735	5
736	5
737	9
738	9
739	5
740	5
741	9
742	9
743	5
744	5
745	2
746	5
747	9
748	2
749	9
750	5
751	8
752	2
753	3
754	5
755	2
756	6
757	1
758	2
759	5
760	3
761	2
762	6
763	9
764	9
765	5
766	2
767	9
768	3
769	7
770	2
771	5
772	2
773	3
774	5
775	5
776	5
777	5
778	2
779	5
780	8
781	6
782	5
783	4
784	6
785	5
786	2
787	5
788	5
789	2
790	8
791	2
792	3
793	9
794	5
795	2
796	2
797	1
798	8
799	5
800	6
801	3
802	5
803	8
804	5
805	5
806	5
807	5
808	5
809	2
810	3
811	6
812	2
813	5
814	2
815	5
816	5
817	5
818	2
819	9
820	5
821	2
822	9
823	6
824	5
825	5
826	5
827	2
828	9
829	3
830	5
831	5
832	9
833	5
834	9
835	3
836	2
837	2
838	5
839	6
840	5
841	2
842	5
843	2
844	10
845	2
846	5
847	5
848	9
849	9
850	5
851	10
852	5
853	2
854	2
855	2
856	2
857	6
858	6
859	3
860	2
861	5
862	2
863	9
864	2
865	5
866	2
867	5
868	10
869	5
870	2
871	5
872	6
873	1
874	2
875	2
876	5
877	9
878	5
879	8
880	9
881	2
882	2
883	2
884	5
885	5
886	2
887	9
888	5
889	5
890	2
891	6
892	9
893	6
894	2
895	2
896	6
897	5
898	2
899	4
900	6
901	6
902	5
903	6
904	5
905	2
906	5
907	6
908	9
909	9
910	5
911	4
912	5
913	5
914	3
915	5
916	9
917	2
918	3
919	5
920	2
921	2
922	6
923	2
924	9
925	9
926	2
927	6
928	6
929	10
930	2
931	2
932	5
933	9
934	10
935	5
936	9
937	5
938	7
939	2
940	2
941	5
942	10
943	6
944	6
945	2
946	1
947	5
948	5
949	5
950	4
951	5
952	5
953	10
954	5
955	5
956	5
957	8
958	2
959	2
960	3
961	3
962	6
963	5
964	2
965	5
966	2
967	2
968	5
969	6
970	5
971	2
972	10
973	2
974	5
975	5
976	9
977	5
978	5
979	2
980	6
981	2
982	5
983	2
984	5
985	9
986	9
987	3
988	7
989	10
990	5
991	6
992	5
993	9
994	5
995	6
996	9
997	3
998	5
999	6
1000	2
1001	2
1002	2
1003	9
1004	5
1005	6
1006	5
1007	9
1008	2
1009	3
1010	5
1011	2
1012	2
1013	9
1014	9
1015	5
1016	2
1017	2
1018	2
1019	7
1020	7
1021	5
1022	5
1023	7
1024	5
1025	7
1026	6
1027	9
1028	5
1029	9
1030	5
1031	3
1032	7
1033	2
1034	7
1035	5
1036	2
1037	5
1038	2
1039	7
1040	5
1041	9
1042	5
1043	5
1044	7
1045	1
1046	7
1047	5
1048	2
1049	5
1050	7
1051	7
1052	2
1053	5
1054	5
1055	5
1056	2
1057	5
1058	2
1059	10
1060	3
1061	5
1062	5
1063	6
1064	2
1065	2
1066	5
1067	9
1068	5
1069	2
1070	5
1071	5
1072	5
1073	9
1074	8
1075	9
1076	5
1077	2
1078	2
1079	5
1080	2
1081	3
1082	5
1083	5
1084	5
1085	5
1086	1
1087	2
1088	6
1089	6
1090	9
1091	3
1092	5
1093	5
1094	3
1095	8
1096	2
1097	3
1098	6
1099	5
1100	2
1101	9
1102	3
1103	2
1104	5
1105	3
1106	4
1107	9
1108	5
1109	2
1110	9
1111	8
1112	2
1113	2
1114	5
1115	5
1116	5
1117	10
1118	1
1119	5
1120	5
1121	3
1122	3
1123	5
1124	2
1125	5
1126	7
1127	5
1128	2
1129	4
1130	5
1131	5
1132	5
1133	2
1134	5
1135	5
1136	5
1137	6
1138	9
1139	5
1140	5
1141	6
1142	2
1143	5
1144	5
1145	5
1146	6
1147	5
1148	2
1149	2
1150	7
1151	2
1152	5
1153	5
1154	5
1155	6
1156	6
1157	6
1158	5
1159	2
1160	5
1161	2
1162	10
1163	6
1164	2
1165	2
1166	2
1167	5
1168	2
1169	4
1170	5
1171	8
1172	2
1173	3
1174	2
1175	5
1176	6
1177	5
1178	6
1179	3
1180	6
1181	5
1182	5
1183	1
1184	4
1185	5
1186	3
1187	3
1188	2
1189	5
1190	3
1191	9
1192	5
1193	6
1194	9
1195	8
1196	2
1197	2
1198	10
1199	9
1200	6
1201	5
1202	3
1203	3
1204	5
1205	6
1206	2
1207	3
1208	5
1209	2
1210	6
1211	9
1212	6
1213	9
1214	5
1215	2
1216	2
1217	5
1218	5
1219	9
1220	2
1221	5
1222	5
1223	6
1224	5
1225	5
1226	6
1227	2
1228	5
1229	5
1230	1
1231	2
1232	2
1233	9
1234	1
1235	9
1236	3
1237	5
1238	5
1239	3
1240	2
1241	2
1242	6
1243	5
1244	3
1245	1
1246	2
1247	6
1248	6
1249	3
1250	3
1251	5
1252	5
1253	5
1254	6
1255	5
1256	5
1257	9
1258	6
1259	9
1260	5
1261	5
1262	2
1263	5
1264	2
1265	5
1266	2
1267	8
1268	5
1269	3
1270	2
1271	2
1272	2
1273	5
1274	5
1275	9
1276	6
1277	5
1278	5
1279	2
1280	1
1281	2
1282	9
1283	5
1284	9
1285	10
1286	6
1287	4
1288	5
1289	5
1290	5
1291	9
1292	6
1293	5
1294	2
1295	2
1296	2
1297	6
1298	5
1299	5
1300	9
1301	9
1302	9
1303	5
1304	5
1305	5
1306	6
1307	2
1308	6
1309	5
1310	6
1311	9
1312	9
1313	2
1314	5
1315	2
1316	5
1317	2
1318	9
1319	6
1320	6
1321	9
1322	5
1323	3
1324	5
1325	5
1326	9
1327	8
1328	5
1329	2
1330	10
1331	5
1332	9
1333	5
1334	5
1335	9
1336	6
1337	3
1338	9
1339	2
1340	1
1341	3
1342	5
1343	9
1344	5
1345	9
1346	6
1347	5
1348	8
1349	2
1350	9
1351	2
1352	5
1353	9
1354	2
1355	2
1356	2
1357	6
1358	6
1359	9
1360	5
1361	5
1362	2
1363	6
1364	4
1365	5
1366	5
1367	2
1368	5
1369	9
1370	2
1371	6
1372	5
1373	5
1374	5
1375	5
1376	2
1377	2
1378	9
1379	9
1380	2
1381	2
1382	3
1383	9
1384	9
1385	2
1386	5
1387	5
1388	2
1389	9
1390	9
1391	5
1392	7
1393	6
1394	9
1395	6
1396	9
1397	2
1398	5
1399	2
1400	9
1401	2
1402	5
1403	2
1404	5
1405	5
1406	5
1407	5
1408	6
1409	5
1410	5
1411	5
1412	4
1413	1
1414	4
1415	2
1416	2
1417	8
1418	5
1419	2
1420	9
1421	2
1422	5
1423	2
1424	3
1425	9
1426	5
1427	5
1428	5
1429	9
1430	2
1431	2
1432	6
1433	5
1434	1
1435	5
1436	3
1437	9
1438	3
1439	2
1440	6
1441	6
1442	5
1443	2
1444	6
1445	2
1446	5
1447	9
1448	2
1449	3
1450	9
1451	5
1452	5
1453	2
1454	9
1455	9
1456	5
1457	1
1458	6
1459	10
1460	3
1461	6
1462	2
1463	3
1464	5
1465	9
1466	2
1467	8
1468	5
1469	2
1470	9
1471	3
1472	5
1473	5
1474	9
1475	3
1476	5
1477	9
1478	9
1479	5
1480	5
1481	5
1482	5
1483	1
1484	9
1485	9
1486	5
1487	6
1488	5
1489	9
1490	8
1491	5
1492	9
1493	4
1494	6
1495	2
1496	5
1497	9
1498	5
1499	5
1500	2
1501	5
1502	9
1503	8
1504	7
1505	2
1506	5
1507	2
1508	5
1509	2
1510	6
1511	9
1512	5
1513	2
1514	5
1515	5
1516	5
1517	10
1518	5
1519	3
1520	6
1521	5
1522	9
1523	6
1524	5
1525	6
1526	2
1527	9
1528	1
1529	9
1530	2
1531	2
1532	5
1533	5
1534	2
1535	9
1536	2
1537	5
1538	2
1539	3
1540	5
1541	3
1542	2
1543	9
1544	5
1545	6
1546	3
1547	2
1548	5
1549	9
1550	2
1551	5
1552	5
1553	5
1554	6
1555	4
1556	5
1557	5
1558	2
1559	6
1560	9
1561	5
1562	2
1563	2
1564	5
1565	5
1566	5
1567	9
1568	2
1569	9
1570	5
1571	5
1572	9
1573	9
1574	9
1575	2
1576	5
1577	9
1578	5
1579	2
1580	2
1581	6
1582	2
1583	9
1584	9
1585	2
1586	5
1587	2
1588	2
1589	6
1590	5
1591	9
1592	6
1593	5
1594	5
1595	2
1596	5
1597	6
1598	6
1599	9
1600	9
1601	3
1602	2
1603	9
1604	3
1605	5
1606	9
1607	2
1608	5
1609	6
1610	2
1611	5
1612	2
1613	9
1614	5
1615	2
1616	5
1617	5
1618	10
1619	5
1620	5
1621	5
1622	5
1623	6
1624	1
1625	5
1626	3
1627	9
1628	5
1629	2
1630	9
1631	10
1632	9
1633	5
1634	5
1635	5
1636	5
1637	5
1638	5
1639	5
1640	2
1641	9
1642	3
1643	9
1644	5
1645	5
1646	5
1647	6
1648	9
1649	9
1650	5
1651	6
1652	2
1653	2
1654	5
1655	9
1656	5
1657	2
1658	5
1659	3
1660	5
1661	9
1662	6
1663	2
1664	5
1665	2
1666	9
1667	2
1668	5
1669	5
1670	10
1671	3
1672	3
1673	5
1674	5
1675	5
1676	3
1677	5
1678	9
1679	4
1680	2
1681	9
1682	9
1683	5
1684	5
1685	5
1686	5
1687	5
1688	6
1689	6
1690	6
1691	5
1692	2
1693	9
1694	5
1695	5
1696	5
1697	9
1698	5
1699	5
1700	5
1701	5
1702	9
1703	8
1704	9
1705	2
1706	9
1707	5
1708	3
1709	5
1710	6
1711	5
1712	2
1713	9
1714	2
1715	5
1716	5
1717	5
1718	5
1719	5
1720	5
1721	6
1722	2
1723	6
1724	5
1725	10
1726	2
1727	6
1728	5
1729	5
1730	5
1731	3
1732	2
1733	2
1734	5
1735	9
1736	2
1737	5
1738	4
1739	5
1740	9
1741	2
1742	9
1743	5
1744	3
1745	5
1746	2
1747	2
1748	5
1749	3
1750	5
1751	5
1752	5
1753	2
1754	5
1755	9
1756	6
1757	2
1758	2
1759	5
1760	9
1761	2
1762	5
1763	2
1764	6
1765	6
1766	5
1767	5
1768	3
1769	5
1770	9
1771	5
1772	5
1773	5
1774	2
1775	4
1776	9
1777	6
1778	2
1779	5
1780	5
1781	5
1782	9
1783	5
1784	3
1785	5
1786	5
1787	3
1788	5
1789	8
1790	6
1791	5
1792	2
1793	2
1794	5
1795	4
1796	2
1797	3
1798	2
1799	5
1800	2
1801	5
1802	3
1803	2
1804	5
1805	5
1806	5
1807	2
1808	5
1809	2
1810	6
1811	9
1812	5
1813	2
1814	9
1815	6
1816	1
1817	5
1818	5
1819	5
1820	6
1821	5
1822	6
1823	6
1824	3
1825	9
1826	6
1827	2
1828	6
1829	2
1830	5
1831	6
1832	3
1833	8
1834	3
1835	6
1836	5
1837	3
1838	5
1839	5
1840	6
1841	4
1842	6
1843	9
1844	6
1845	8
1846	2
1847	6
1848	6
1849	9
1850	6
1851	2
1852	9
1853	8
1854	9
1855	5
1856	3
1857	2
1858	9
1859	2
1860	9
1861	5
1862	3
1863	2
1864	5
1865	9
1866	2
1867	9
1868	9
1869	5
1870	5
1871	5
1872	3
1873	6
1874	5
1875	9
1876	2
1877	1
1878	2
1879	9
1880	9
1881	5
1882	5
1883	6
1884	5
1885	7
1886	6
1887	9
1888	6
1889	3
1890	2
1891	2
1892	5
1893	5
1894	3
1895	8
1896	1
1897	6
1898	2
1899	5
1900	5
1901	6
1902	5
1903	5
1904	9
1905	5
1906	5
1907	5
1908	5
1909	2
1910	5
1911	2
1912	5
1913	9
1914	2
1915	9
1916	2
1917	2
1918	3
1919	9
1920	3
1921	9
1922	2
1923	3
1924	9
1925	2
1926	9
1927	6
1928	9
1929	5
1930	3
1931	5
1932	2
1933	9
1934	9
1935	2
1936	9
1937	9
1938	6
1939	9
1940	5
1941	2
1942	6
1943	9
1944	5
1945	5
1946	2
1947	5
1948	9
1949	5
1950	9
1951	9
1952	9
1953	9
1954	5
1955	1
1956	4
1957	2
1958	5
1959	5
1960	9
1961	9
1962	2
1963	9
1964	5
1965	9
1966	5
1967	9
1968	9
1969	5
1970	9
1971	9
1972	5
1973	9
1974	9
1975	5
1976	9
1977	9
1978	2
1979	9
1980	1
1981	9
1982	5
1983	9
1984	9
1985	9
1986	9
1987	5
1988	3
1989	5
1990	5
1991	2
1992	5
1993	2
1994	5
1995	5
1996	2
1997	1
1998	5
1999	5
2000	1
2001	6
2002	1
2003	9
2004	8
2005	2
2006	5
2007	2
2008	8
2009	2
2010	5
2011	3
2012	6
2013	6
2014	10
2015	3
2016	5
2017	9
2018	2
2019	2
2020	5
2021	3
2022	6
2023	5
2024	5
2025	2
2026	5
2027	5
2028	3
2029	5
2030	6
2031	5
2032	5
2033	5
2034	3
2035	5
2036	9
2037	9
2038	9
2039	5
2040	2
2041	3
2042	5
2043	5
2044	2
2045	2
2046	3
2047	9
2048	5
2049	7
2050	6
2051	5
2052	4
2053	10
2054	6
2055	6
2056	6
2057	9
2058	6
2059	5
2060	9
2061	5
2062	2
2063	9
2064	9
2065	5
2066	7
2067	5
2068	9
2069	2
2070	5
2071	9
2072	6
2073	2
2074	9
2075	5
2076	9
2077	2
2078	2
2079	6
2080	6
2081	7
2082	3
2083	2
2084	2
2085	8
2086	5
2087	9
2088	5
2089	8
2090	1
2091	8
2092	3
2093	5
2094	9
2095	3
2096	5
2097	8
2098	2
2099	5
2100	5
2101	5
2102	5
2103	5
2104	2
2105	9
2106	2
2107	6
2108	5
2109	9
2110	3
2111	9
2112	5
2113	3
2114	5
2115	5
2116	5
2117	5
2118	9
2119	5
2120	6
2121	3
2122	9
2123	5
2124	5
2125	5
2126	9
2127	9
2128	9
2129	2
2130	2
2131	5
2132	8
2133	9
2134	5
2135	5
2136	5
2137	8
2138	5
2139	1
2140	5
2141	8
2142	9
2143	2
2144	5
2145	10
2146	1
2147	9
2148	2
2149	5
2150	5
2151	3
2152	5
2153	2
2154	6
2155	5
2156	2
2157	5
2158	9
2159	2
2160	2
2161	9
2162	5
2163	2
2164	2
2165	5
2166	5
2167	5
2168	8
2169	2
2170	9
2171	5
2172	10
2173	9
2174	3
2175	5
2176	6
2177	5
2178	5
2179	3
2180	5
2181	2
2182	9
2183	5
2184	5
2185	1
2186	5
2187	5
2188	5
2189	5
2190	2
2191	3
2192	9
2193	2
2194	6
2195	9
2196	5
2197	2
2198	6
2199	8
2200	5
2201	3
2202	9
2203	5
2204	6
2205	2
2206	9
2207	5
2208	5
2209	9
2210	6
2211	2
2212	2
2213	3
2214	9
2215	8
2216	5
2217	2
2218	6
2219	3
2220	5
2221	6
2222	5
2223	9
2224	5
2225	2
2226	3
2227	2
2228	5
2229	10
2230	5
2231	2
2232	5
2233	2
2234	2
2235	2
2236	5
2237	6
2238	5
2239	5
2240	5
2241	9
2242	1
2243	6
2244	2
2245	2
2246	6
2247	2
2248	5
2249	5
2250	7
2251	8
2252	8
2253	2
2254	6
2255	2
2256	3
2257	7
2258	2
2259	2
2260	7
2261	5
2262	9
2263	5
2264	8
2265	9
2266	5
2267	5
2268	2
2269	9
2270	5
2271	7
2272	9
2273	9
2274	5
2275	5
2276	8
2277	5
2278	5
2279	6
2280	2
2281	9
2282	9
2283	5
2284	2
2285	2
2286	5
2287	9
2288	9
2289	2
2290	9
2291	2
2292	5
2293	5
2294	10
2295	9
2296	2
2297	9
2298	5
2299	2
2300	8
2301	5
2302	5
2303	3
2304	5
2305	3
2306	2
2307	5
2308	3
2309	6
2310	5
2311	5
2312	9
2313	5
2314	2
2315	5
2316	2
2317	7
2318	2
2319	9
2320	6
2321	5
2322	2
2323	9
2324	5
2325	5
2326	9
2327	5
2328	5
2329	3
2330	5
2331	6
2332	3
2333	1
2334	5
2335	5
2336	5
2337	9
2338	8
2339	5
2340	5
2341	4
2342	9
2343	5
2344	5
2345	5
2346	2
2347	3
2348	2
2349	5
2350	9
2351	2
2352	8
2353	2
2354	5
2355	5
2356	1
2357	5
2358	5
2359	5
2360	2
2361	5
2362	1
2363	9
2364	5
2365	5
2366	8
2367	2
2368	5
2369	5
2370	3
2371	9
2372	6
2373	2
2374	6
2375	2
2376	9
2377	5
2378	2
2379	2
2380	9
2381	5
2382	2
2383	2
2384	6
2385	2
2386	3
2387	3
2388	9
2389	5
2390	10
2391	6
2392	5
2393	5
2394	5
2395	9
2396	2
2397	10
2398	2
2399	9
2400	2
2401	6
2402	2
2403	7
2404	2
2405	6
2406	5
2407	7
2408	2
2409	5
2410	5
2411	4
2412	4
2413	5
2414	2
2415	9
2416	2
2417	5
2418	5
2419	8
2420	3
2421	5
2422	4
2423	5
2424	9
2425	2
2426	8
2427	8
2428	5
2429	6
2430	5
2431	6
2432	5
2433	5
2434	5
2435	2
2436	9
2437	6
2438	5
2439	2
2440	5
2441	5
2442	3
2443	9
2444	3
2445	5
2446	6
2447	5
2448	2
2449	5
2450	5
2451	9
2452	3
2453	5
2454	5
2455	6
2456	6
2457	5
2458	5
2459	5
2460	9
2461	9
2462	2
2463	2
2464	5
2465	10
2466	2
2467	2
2468	3
2469	5
2470	5
2471	6
2472	5
2473	2
2474	5
2475	10
2476	5
2477	2
2478	5
2479	3
2480	6
2481	2
2482	3
2483	2
2484	6
2485	3
2486	5
2487	2
2488	5
2489	2
2490	9
2491	9
2492	1
2493	2
2494	3
2495	5
2496	5
2497	9
2498	5
2499	2
2500	2
2501	1
2502	5
2503	2
2504	9
2505	5
2506	5
2507	5
2508	5
2509	5
2510	5
2511	9
2512	5
2513	5
2514	5
2515	6
2516	9
2517	2
2518	5
2519	5
2520	2
2521	9
2522	2
2523	9
2524	6
2525	2
2526	6
2527	2
2528	3
2529	3
2530	5
2531	5
2532	2
2533	5
2534	2
2535	5
2536	9
2537	5
2538	9
2539	2
2540	5
2541	2
2542	5
2543	9
2544	3
2545	5
2546	5
2547	1
2548	5
2549	5
2550	4
2551	2
2552	5
2553	5
2554	2
2555	9
2556	5
2557	3
2558	3
2559	5
2560	2
2561	8
2562	5
2563	6
2564	2
2565	8
2566	5
2567	5
2568	9
2569	2
2570	2
2571	2
2572	2
2573	5
2574	8
2575	2
2576	2
2577	2
2578	5
2579	5
2580	2
2581	2
2582	2
2583	5
2584	3
2585	2
2586	2
2587	5
2588	9
2589	5
2590	6
2591	2
2592	2
2593	5
2594	2
2595	9
2596	5
2597	8
2598	9
2599	9
2600	6
2601	9
2602	3
2603	6
2604	9
2605	9
2606	2
2607	5
2608	2
2609	4
2610	6
2611	2
2612	5
2613	2
2614	5
2615	3
2616	2
2617	6
2618	3
2619	2
2620	5
2621	5
2622	9
2623	5
2624	5
2625	9
2626	5
2627	5
2628	5
2629	9
2630	4
2631	5
2632	2
2633	6
2634	6
2635	5
2636	5
2637	9
2638	5
2639	5
2640	5
2641	9
2642	5
2643	2
2644	9
2645	5
2646	1
2647	9
2648	2
2649	6
2650	5
2651	2
2652	9
2653	5
2654	5
2655	9
2656	2
2657	5
2658	5
2659	9
2660	9
2661	2
2662	7
2663	2
2664	5
2665	9
2666	9
2667	2
2668	2
2669	5
2670	5
2671	8
2672	5
2673	4
2674	9
2675	5
2676	9
2677	3
2678	2
2679	5
2680	6
2681	8
2682	5
2683	5
2684	9
2685	6
2686	5
2687	2
2688	9
2689	5
2690	5
2691	8
2692	2
2693	5
2694	8
2695	2
2696	5
2697	5
2698	6
2699	6
2700	5
2701	9
2702	2
2703	5
2704	4
2705	2
2706	5
2707	9
2708	2
2709	5
2710	2
2711	9
2712	5
2713	6
2714	5
2715	2
2716	5
2717	2
2718	3
2719	5
2720	2
2721	2
2722	5
2723	4
2724	5
2725	2
2726	9
2727	6
2728	2
2729	2
2730	5
2731	5
2732	2
2733	6
2734	5
2735	9
2736	8
2737	3
2738	5
2739	9
2740	9
2741	3
2742	5
2743	9
2744	3
2745	9
2746	2
2747	2
2748	5
2749	2
2750	9
2751	2
2752	6
2753	3
2754	6
2755	5
2756	2
2757	9
2758	6
2759	2
2760	2
2761	6
2762	2
2763	8
2764	9
2765	3
2766	2
2767	5
2768	6
2769	9
2770	2
2771	6
2772	2
2773	5
2774	9
2775	5
2776	10
2777	5
2778	3
2779	5
2780	5
2781	5
2782	3
2783	2
2784	3
2785	3
2786	5
2787	9
2788	6
2789	2
2790	5
2791	9
2792	5
2793	2
2794	8
2795	1
2796	2
2797	6
2798	6
2799	9
2800	7
2801	5
2802	6
2803	2
2804	5
2805	5
2806	5
2807	2
2808	9
2809	9
2810	5
2811	5
2812	5
2813	2
2814	4
2815	9
2816	6
2817	2
2818	9
2819	2
2820	9
2821	2
2822	9
2823	5
2824	9
2825	5
2826	5
2827	9
2828	5
2829	2
2830	2
2831	7
2832	8
2833	5
2834	2
2835	10
2836	4
2837	3
2838	8
2839	5
2840	5
2841	5
2842	2
2843	3
2844	5
2845	9
2846	2
2847	5
2848	2
2849	8
2850	2
2851	8
2852	6
2853	4
2854	5
2855	9
2856	4
2857	9
2858	6
2859	9
2860	2
2861	5
2862	5
2863	5
2864	3
2865	3
2866	2
2867	2
2868	5
2869	9
2870	9
2871	5
2872	2
2873	2
2874	5
2875	9
2876	6
2877	5
2878	9
2879	9
2880	2
2881	5
2882	2
2883	5
2884	5
2885	6
2886	5
2887	5
2888	5
2889	6
2890	1
2891	2
2892	5
2893	5
2894	9
2895	9
2896	5
2897	2
2898	4
2899	2
2900	9
2901	6
2902	3
2903	2
2904	5
2905	5
2906	5
2907	1
2908	3
2909	2
2910	5
2911	9
2912	5
2913	9
2914	3
2915	3
2916	5
2917	1
2918	9
2919	7
2920	9
2921	2
2922	7
2923	5
2924	2
2925	6
2926	5
2927	9
2928	5
2929	5
2930	9
2931	2
2932	1
2933	6
2934	5
2935	2
2936	10
2937	9
2938	2
2939	3
2940	9
2941	6
2942	2
2943	5
2944	2
2945	2
2946	5
2947	4
2948	1
2949	3
2950	9
2951	5
2952	9
2953	2
2954	5
2955	9
2956	5
2957	2
2958	3
2959	2
2960	5
2961	2
2962	2
2963	2
2964	2
2965	5
2966	3
2967	5
2968	9
2969	5
2970	1
2971	5
2972	5
2973	2
2974	9
2975	5
2976	3
2977	5
2978	2
2979	5
2980	5
2981	6
2982	6
2983	5
2984	9
2985	9
2986	2
2987	9
2988	9
2989	9
2990	5
2991	5
2992	2
2993	6
2994	9
2995	6
2996	2
2997	5
2998	5
2999	9
3000	6
3001	2
3002	9
3003	6
3004	9
3005	5
3006	5
3007	2
3008	3
3009	5
3010	5
3011	8
3012	5
3013	5
3014	5
3015	5
3016	2
3017	5
3018	6
3019	2
3020	5
3021	5
3022	5
3023	6
3024	2
3025	5
3026	5
3027	5
3028	1
3029	5
3030	6
3031	6
3032	1
3033	6
3034	5
3035	8
3036	2
3037	5
3038	3
3039	9
3040	2
3041	2
3042	8
3043	8
3044	5
3045	6
3046	2
3047	5
3048	8
3049	2
3050	9
3051	6
3052	5
3053	5
3054	5
3055	2
3056	5
3057	3
3058	10
3059	5
3060	8
3061	3
3062	5
3063	5
3064	5
3065	9
3066	6
3067	6
3068	5
3069	4
3070	5
3071	9
3072	2
3073	5
3074	3
3075	9
3076	5
3077	9
3078	10
3079	5
3080	9
3081	6
3082	2
3083	8
3084	6
3085	5
3086	2
3087	3
3088	3
3089	5
3090	5
3091	2
3092	5
3093	2
3094	5
3095	5
3096	2
3097	6
3098	5
3099	5
3100	2
3101	3
3102	2
3103	6
3104	2
3105	8
3106	2
3107	2
3108	2
3109	2
3110	9
3111	2
3112	5
3113	2
3114	6
3115	10
3116	8
3117	9
3118	2
3119	3
3120	9
3121	5
3122	3
3123	2
3124	2
3125	2
3126	2
3127	5
3128	2
3129	2
3130	5
3131	2
3132	9
3133	3
3134	6
3135	2
3136	5
3137	5
3138	5
3139	5
3140	5
3141	5
3142	5
3143	5
3144	5
3145	5
3146	5
3147	5
3148	5
3149	5
3150	5
3151	5
3152	5
3153	5
3154	5
3155	5
3156	5
3157	5
3158	5
3159	5
3160	5
3161	5
3162	5
3163	5
3164	5
3165	5
3166	5
3167	5
3168	5
3169	5
3170	5
3171	5
3172	5
3173	5
3174	5
3175	5
3176	5
3177	5
3178	5
3179	5
3180	5
3181	5
3182	5
3183	5
3184	5
3185	5
3186	5
3187	5
3188	5
3189	5
3190	5
3191	5
3192	5
3193	5
3194	5
3195	5
3196	5
3197	5
3198	5
3199	5
3200	5
3201	5
3202	5
3203	5
3204	5
3205	5
3206	5
3207	5
3208	5
3209	5
3210	5
3211	5
3212	5
3213	5
3214	5
3215	5
3216	5
3217	5
3218	5
3219	5
3220	5
3221	5
3222	5
3223	5
3224	5
3225	5
3226	5
3227	5
3228	5
3229	5
3230	5
3231	5
3232	5
3233	5
3234	5
3235	5
3236	5
3237	5
3238	5
3239	5
3240	5
3241	5
3242	5
3243	5
3244	5
3245	5
3246	5
3247	5
3248	5
3249	5
3250	5
3251	5
3252	5
3253	5
3254	5
3255	5
3256	5
3257	5
3258	5
3259	5
3260	5
3261	5
3262	5
3263	5
3264	5
3265	5
3266	5
3267	5
3268	5
3269	5
3270	5
3271	5
3272	5
3273	5
3274	5
3275	5
3276	5
3277	5
3278	5
3279	5
3280	5
3281	5
3282	5
3283	5
3284	5
3285	5
3286	5
3287	5
3288	5
3289	5
3290	5
3291	5
3292	5
3293	5
3294	5
3295	5
3296	5
3297	5
3298	5
3299	5
3300	5
3301	5
3302	5
3303	5
3304	5
3305	5
3306	5
3307	5
3308	5
3309	5
3310	5
3311	5
3312	5
3313	5
3314	5
3315	5
3316	5
3317	5
3318	5
3319	5
3320	5
3321	5
3322	5
3323	5
3324	5
3325	5
3326	5
3327	5
3328	5
3329	5
3330	5
3331	5
3332	5
3333	5
3334	5
3335	5
3336	5
3337	5
3338	5
3339	5
3340	5
3341	5
3342	5
3343	5
3344	5
3345	5
3346	5
3347	5
3348	10
3349	5
3350	6
3351	5
3352	5
3353	6
3354	5
3355	9
3356	9
3357	3
3358	6
3359	5
3360	5
3361	9
3362	6
3363	5
3364	6
3365	5
3366	1
3367	9
3368	1
3369	9
3370	3
3371	7
3372	2
3373	5
3374	9
3375	5
3376	5
3377	2
3378	5
3379	5
3380	2
3381	9
3382	3
3383	2
3384	5
3385	5
3386	8
3387	6
3388	4
3389	5
3390	3
3391	6
3392	5
3393	2
3394	5
3395	9
3396	5
3397	5
3398	5
3399	5
3400	6
3401	5
3402	3
3403	5
3404	10
3405	9
3406	3
3407	6
3408	5
3409	5
3410	5
3411	3
3412	5
3413	3
3414	9
3415	5
3416	8
3417	8
3418	5
3419	5
3420	9
3421	5
3422	9
3423	2
3424	2
3425	8
3426	5
3427	6
3428	3
3429	8
3430	6
3431	5
3432	6
3433	5
3434	5
3435	6
3436	5
3437	2
3438	5
3439	5
3440	5
3441	3
3442	5
3443	6
3444	6
3445	5
3446	5
3447	5
3448	9
3449	6
3450	2
3451	5
3452	3
3453	9
3454	9
3455	9
3456	6
3457	7
3458	5
3459	6
3460	6
3461	9
3462	6
3463	5
3464	2
3465	3
3466	5
3467	5
3468	2
3469	5
3470	8
3471	9
3472	7
3473	8
3474	2
3475	5
3476	2
3477	2
3478	5
3479	8
3480	9
3481	6
3482	10
3483	6
3484	5
3485	9
3486	6
3487	5
3488	1
3489	5
3490	5
3491	1
3492	5
3493	2
3494	2
3495	2
3496	9
3497	4
3498	6
3499	4
3500	5
3501	5
3502	5
3503	2
3504	5
3505	5
3506	5
3507	5
3508	8
3509	5
3510	8
3511	5
3512	1
3513	5
3514	5
3515	5
3516	5
3517	6
3518	1
3519	2
3520	3
3521	7
3522	5
3523	10
3524	2
3525	3
3526	9
3527	3
3528	6
3529	5
3530	5
3531	6
3532	2
3533	6
3534	5
3535	3
3536	9
3537	5
3538	5
3539	5
3540	5
3541	5
3542	5
3543	5
3544	1
3545	5
3546	5
3547	6
3548	9
3549	9
3550	3
3551	6
3552	6
3553	4
3554	5
3555	2
3556	9
3557	2
3558	5
3559	9
3560	5
3561	5
3562	9
3563	5
3564	2
3565	9
3566	8
3567	2
3568	7
3569	5
3570	6
3571	9
3572	7
3573	10
3574	7
3575	5
3576	6
3577	5
3578	9
3579	2
3580	3
3581	3
3582	5
3583	3
3584	9
3585	9
3586	6
3587	1
3588	9
3589	6
3590	3
3591	5
3592	9
3593	5
3594	2
3595	5
3596	9
3597	5
3598	5
3599	5
3600	8
3601	5
3602	9
3603	9
3604	9
3605	5
3606	9
3607	2
3608	5
3609	2
3610	6
3611	8
3612	2
3613	2
3614	5
3615	9
3616	6
3617	9
3618	5
3619	5
3620	9
3621	6
3622	9
3623	5
3624	6
3625	3
3626	5
3627	2
3628	9
3629	5
3630	8
3631	5
3632	5
3633	2
3634	9
3635	5
3636	5
3637	4
3638	9
3639	5
3640	6
3641	9
3642	5
3643	6
3644	5
3645	6
3646	3
3647	2
3648	2
3649	5
3650	3
3651	9
3652	9
3653	6
3654	3
3655	5
3656	2
3657	5
3658	2
3659	2
3660	9
3661	5
3662	1
3663	9
3664	5
3665	2
3666	2
3667	7
3668	2
3669	5
3670	5
3671	4
3672	9
3673	5
3674	3
3675	5
3676	5
3677	9
3678	2
3679	2
3680	9
3681	5
3682	9
3683	3
3684	5
3685	5
3686	6
3687	4
3688	6
3689	7
3690	4
3691	6
3692	4
3693	8
3694	5
3695	5
3696	1
3697	2
3698	2
3699	5
3700	2
3701	5
3702	9
3703	2
3704	2
3705	10
3706	5
3707	9
3708	3
3709	6
3710	3
3711	2
3712	6
3713	5
3714	6
3715	9
3716	9
3717	3
3718	5
3719	4
3720	9
3721	9
3722	6
3723	6
3724	9
3725	5
3726	5
3727	5
3728	6
3729	5
3730	5
3731	8
3732	1
3733	5
3734	9
3735	9
3736	2
3737	2
3738	9
3739	2
3740	9
3741	2
3742	7
3743	7
3744	2
3745	5
3746	2
3747	9
3748	2
3749	10
3750	9
3751	7
3752	4
3753	3
3754	5
3755	2
3756	2
3757	2
3758	9
3759	6
3760	5
3761	5
3762	9
3763	3
3764	2
3765	5
3766	2
3767	5
3768	9
3769	10
3770	6
3771	4
3772	2
3773	5
3774	9
3775	1
3776	5
3777	8
3778	2
3779	5
3780	5
3781	2
3782	5
3783	3
3784	2
3785	6
3786	2
3787	5
3788	2
3789	9
3790	9
3791	9
3792	5
3793	2
3794	5
3795	5
3796	2
3797	1
3798	9
3799	9
3800	1
3801	5
3802	9
3803	5
3804	6
3805	2
3806	3
3807	3
3808	2
3809	8
3810	2
3811	6
3812	3
3813	5
3814	7
3815	9
3816	9
3817	3
3818	6
3819	5
3820	7
3821	5
3822	6
3823	8
3824	9
3825	9
3826	5
3827	5
3828	6
3829	6
3830	3
3831	10
3832	2
3833	1
3834	1
3835	5
3836	2
3837	6
3838	3
3839	9
3840	5
3841	5
3842	5
3843	2
3844	9
3845	2
3846	9
3847	7
3848	5
3849	9
3850	5
3851	5
3852	9
3853	5
3854	5
3855	2
3856	2
3857	5
3858	9
3859	5
3860	9
3861	9
3862	5
3863	9
3864	9
3865	2
3866	9
3867	9
3868	5
3869	5
3870	10
3871	5
3872	5
3873	5
3874	9
3875	8
3876	7
3877	5
3878	2
3879	2
3880	3
3881	10
3882	5
3883	5
3884	5
3885	2
3886	2
3887	9
3888	7
3889	6
3890	2
3891	4
3892	5
3893	9
3894	2
3895	5
3896	9
3897	5
3898	9
3899	6
3900	9
3901	5
3902	5
3903	5
3904	5
3905	9
3906	5
3907	5
3908	10
3909	9
3910	5
3911	5
3912	2
3913	9
3914	3
3915	5
3916	5
3917	1
3918	9
3919	5
3920	2
3921	9
3922	6
3923	5
3924	3
3925	5
3926	2
3927	9
3928	5
3929	6
3930	2
3931	2
3932	5
3933	5
3934	7
3935	9
3936	9
3937	5
3938	8
3939	9
3940	8
3941	5
3942	9
3943	9
3944	9
3945	9
3946	8
3947	2
3948	2
3949	6
3950	5
3951	9
3952	1
3953	2
3954	2
3955	6
3956	2
3957	2
3958	5
3959	3
3960	6
3961	6
3962	5
3963	6
3964	5
3965	9
3966	9
3967	2
3968	6
3969	5
3970	9
3971	9
3972	5
3973	9
3974	6
3975	2
3976	5
3977	9
3978	5
3979	4
3980	5
3981	6
3982	5
3983	6
3984	3
3985	6
3986	9
3987	7
3988	3
3989	2
3990	2
3991	5
3992	2
3993	5
3994	6
3995	7
3996	6
3997	5
3998	2
3999	5
4000	2
4001	6
4002	5
4003	4
4004	3
4005	9
4006	2
4007	2
4008	9
4009	2
4010	4
4011	9
4012	10
4013	2
4014	2
4015	2
4016	5
4017	9
4018	2
4019	9
4020	2
4021	10
4022	3
4023	6
4024	3
4025	7
4026	5
4027	4
4028	2
4029	3
4030	9
4031	8
4032	6
4033	8
4034	8
4035	8
4036	8
4037	8
4038	8
4039	5
4040	5
4041	10
4042	9
4043	8
4044	7
4045	1
4046	2
4047	9
4048	5
4049	8
4050	5
4051	8
4052	9
4053	8
4054	9
4055	9
4056	8
4057	5
4058	5
4059	9
4060	9
4061	8
4062	5
4063	1
4064	5
4065	9
4066	8
4067	8
4068	5
4069	9
4070	6
4071	8
4072	8
4073	4
4074	2
4075	10
4076	8
4077	9
4078	9
4079	9
4080	3
4081	5
4082	8
4083	9
4084	2
4085	8
4086	9
4087	9
4088	9
4089	8
4090	8
4091	2
4092	1
4093	5
4094	5
4095	5
4096	5
4097	6
4098	8
4099	2
4100	5
4101	9
4102	5
4103	5
4104	5
4105	9
4106	7
4107	5
4108	2
4109	6
4110	9
4111	3
4112	9
4113	5
4114	8
4115	9
4116	5
4117	2
4118	3
4119	1
4120	8
4121	1
4122	5
4123	2
4124	8
4125	2
4126	9
4127	5
4128	5
4129	5
4130	5
4131	3
4132	2
4133	3
4134	6
4135	3
4136	5
4137	9
4138	2
4139	8
4140	6
4141	5
4142	2
4143	3
4144	8
4145	5
4146	1
4147	8
4148	6
4149	5
4150	5
4151	9
4152	2
4153	7
4154	2
4155	2
4156	10
4157	5
4158	2
4159	5
4160	8
4161	5
4162	5
4163	5
4164	3
4165	5
4166	9
4167	6
4168	3
4169	10
4170	9
4171	1
4172	9
4173	2
4174	2
4175	9
4176	2
4177	5
4178	2
4179	5
4180	2
4181	9
4182	6
4183	4
4184	9
4185	5
4186	9
4187	6
4188	9
4189	9
4190	9
4191	3
4192	8
4193	3
4194	5
4195	5
4196	9
4197	5
4198	7
4199	9
4200	5
4201	9
4202	10
4203	8
4204	5
4205	1
4206	3
4207	5
4208	2
4209	2
4210	9
4211	3
4212	9
4213	8
4214	5
4215	3
4216	6
4217	10
4218	4
4219	6
4220	2
4221	8
4222	2
4223	2
4224	5
4225	6
4226	9
4227	5
4228	9
4229	2
4230	6
4231	2
4232	5
4233	5
4234	2
4235	5
4236	5
4237	9
4238	9
4239	9
4240	8
4241	2
4242	5
4243	8
4244	5
4245	9
4246	10
4247	5
4248	5
4249	5
4250	8
4251	5
4252	4
4253	5
4254	9
4255	9
4256	5
4257	3
4258	5
4259	3
4260	9
4261	10
4262	9
4263	9
4264	9
4265	5
4266	2
4267	5
4268	1
4269	5
4270	5
4271	2
4272	2
4273	8
4274	5
4275	5
4276	5
4277	9
4278	3
4279	9
4280	2
4281	5
4282	8
4283	3
4284	5
4285	3
4286	8
4287	8
4288	2
4289	9
4290	3
4291	2
4292	6
4293	5
4294	9
4295	9
4296	2
4297	3
4298	9
4299	2
4300	6
4301	2
4302	5
4303	5
4304	9
4305	8
4306	6
4307	1
4308	6
4309	5
4310	9
4311	8
4312	2
4313	6
4314	2
4315	9
4316	5
4317	9
4318	9
4319	6
4320	4
4321	2
4322	5
4323	2
4324	2
4325	6
4326	5
4327	5
4328	3
4329	5
4330	2
4331	3
4332	9
4333	5
4334	8
4335	3
4336	6
4337	2
4338	9
4339	9
4340	6
4341	5
4342	8
4343	2
4344	10
4345	9
4346	1
4347	2
4348	10
4349	10
4350	7
4351	5
4352	9
4353	3
4354	6
4355	6
4356	1
4357	5
4358	3
4359	7
4360	2
4361	8
4362	3
4363	9
4364	5
4365	2
4366	5
4367	9
4368	1
4369	9
4370	3
4371	5
4372	6
4373	1
4374	6
4375	5
4376	5
4377	9
4378	10
4379	2
4380	9
4381	9
4382	1
4383	9
4384	2
4385	2
4386	5
4387	2
4388	5
4389	9
4390	9
4391	1
4392	5
4393	2
4394	4
4395	5
4396	2
4397	2
4398	8
4399	9
4400	2
4401	5
4402	2
4403	2
4404	9
4405	6
4406	2
4407	8
4408	2
4409	2
4410	3
4411	8
4412	6
4413	9
4414	6
4415	2
4416	6
4417	5
4418	4
4419	5
4420	4
4421	3
4422	9
4423	1
4424	9
4425	5
4426	9
4427	5
4428	9
4429	5
4430	2
4431	10
4432	9
4433	2
4434	5
4435	2
4436	9
4437	5
4438	9
4439	5
4440	10
4441	8
4442	2
4443	2
4444	9
4445	9
4446	5
4447	5
4448	2
4449	4
4450	2
4451	9
4452	2
4453	4
4454	2
4455	9
4456	9
4457	2
4458	2
4459	6
4460	9
4461	10
4462	9
4463	5
4464	2
4465	3
4466	9
4467	6
4468	5
4469	2
4470	9
4471	2
4472	2
4473	9
4474	2
4475	5
4476	6
4477	2
4478	9
4479	4
4480	9
4481	2
4482	5
4483	9
4484	5
4485	3
4486	5
4487	9
4488	1
4489	9
4490	9
4491	10
4492	9
4493	8
4494	6
4495	9
4496	9
4497	9
4498	5
4499	8
4500	9
4501	5
4502	10
4503	8
4504	9
4505	2
4506	9
4507	3
4508	6
4509	9
4510	8
4511	9
4512	5
4513	6
4514	6
4515	9
4516	2
4517	5
4518	9
4519	6
4520	9
4521	9
4522	7
4523	5
4524	9
4525	2
4526	2
4527	2
4528	2
4529	3
4530	2
4531	9
4532	2
4533	2
4534	3
4535	2
4536	2
4537	9
4538	2
4539	2
4540	1
4541	9
4542	10
4543	5
4544	2
4545	9
4546	9
4547	9
4548	3
4549	2
4550	2
4551	2
4552	9
4553	9
4554	3
4555	2
4556	9
4557	2
4558	2
4559	9
4560	6
4561	4
4562	3
4563	2
4564	5
4565	2
4566	7
4567	2
4568	9
4569	9
4570	8
4571	6
4572	5
4573	9
4574	2
4575	9
4576	5
4577	5
4578	6
4579	2
4580	3
4581	3
4582	9
4583	9
4584	2
4585	2
4586	2
4587	2
4588	9
4589	8
4590	7
4591	2
4592	3
4593	2
4594	2
4595	5
4596	2
4597	2
4598	9
4599	2
4600	5
4601	5
4602	2
4603	8
4604	1
4605	2
4606	2
4607	3
4608	2
4609	9
4610	3
4611	8
4612	9
4613	2
4614	2
4615	2
4616	9
4617	2
4618	5
4619	10
4620	3
4621	9
4622	2
4623	1
4624	2
4625	9
4626	5
4627	9
4628	5
4629	9
4630	1
4631	2
4632	9
4633	1
4634	5
4635	5
4636	5
4637	10
4638	5
4639	10
4640	2
4641	5
4642	9
4643	9
4644	9
4645	9
4646	9
4647	1
4648	6
4649	9
4650	5
4651	5
4652	2
4653	3
4654	6
4655	4
4656	9
4657	2
4658	6
4659	9
4660	4
4661	6
4662	9
4663	3
4664	8
4665	5
4666	3
4667	9
4668	2
4669	5
4670	5
4671	2
4672	5
4673	5
4674	2
4675	5
4676	9
4677	5
4678	5
4679	2
4680	2
4681	5
4682	6
4683	6
4684	6
4685	2
4686	5
4687	5
4688	3
4689	9
4690	5
4691	2
4692	5
4693	3
4694	5
4695	1
4696	5
4697	5
4698	5
4699	9
4700	9
4701	2
4702	7
4703	5
4704	5
4705	5
4706	8
4707	5
4708	9
4709	3
4710	9
4711	5
4712	6
4713	9
4714	2
4715	5
4716	2
4717	5
4718	2
4719	5
4720	2
4721	10
4722	5
4723	9
4724	6
4725	2
4726	10
4727	2
4728	6
4729	7
4730	9
4731	5
4732	5
4733	8
4734	5
4735	5
4736	6
4737	9
4738	1
4739	6
4740	1
4741	2
4742	3
4743	2
4744	2
4745	9
4746	5
4747	9
4748	2
4749	9
4750	2
4751	5
4752	9
4753	2
4754	4
4755	3
4756	9
4757	9
4758	7
4759	7
4760	10
4761	3
4762	3
4763	9
4764	5
4765	3
4766	5
4767	2
4768	5
4769	9
4770	9
4771	2
4772	5
4773	9
4774	2
4775	9
4776	9
4777	1
4778	9
4779	10
4780	5
4781	9
4782	5
4783	9
4784	3
4785	5
4786	5
4787	5
4788	6
4789	5
4790	2
4791	4
4792	9
4793	3
4794	1
4795	3
4796	9
4797	2
4798	2
4799	2
4800	9
4801	5
4802	10
4803	2
4804	5
4805	6
4806	4
4807	2
4808	5
4809	3
4810	6
4811	2
4812	9
4813	9
4814	9
4815	5
4816	8
4817	5
4818	5
4819	5
4820	2
4821	5
4822	5
4823	5
4824	2
4825	5
4826	5
4827	3
4828	3
4829	9
4830	5
4831	2
4832	9
4833	9
4834	5
4835	9
4836	5
4837	5
4838	5
4839	2
4840	2
4841	2
4842	8
4843	9
4844	2
4845	6
4846	3
4847	9
4848	5
4849	2
4850	10
4851	4
4852	3
4853	2
4854	2
4855	2
4856	2
4857	9
4858	8
4859	2
4860	6
4861	2
4862	8
4863	5
4864	5
4865	2
4866	2
4867	2
4868	5
4869	5
4870	7
4871	9
4872	10
4873	5
4874	6
4875	2
4876	7
4877	5
4878	5
4879	9
4880	9
4881	2
4882	4
4883	2
4884	3
4885	2
4886	2
4887	6
4888	5
4889	5
4890	9
4891	5
4892	9
4893	2
4894	2
4895	2
4896	2
4897	5
4898	9
4899	7
4900	9
4901	2
4902	5
4903	2
4904	2
4905	9
4906	2
4907	2
4908	9
4909	9
4910	2
4911	5
4912	6
4913	2
4914	9
4915	5
4916	2
4917	3
4918	2
4919	2
4920	5
4921	2
4922	1
4923	9
4924	3
4925	7
4926	5
4927	3
4928	1
4929	2
4930	2
4931	2
4932	6
4933	3
4934	9
4935	6
4936	2
4937	2
4938	5
4939	5
4940	2
4941	3
4942	9
4943	5
4944	6
4945	5
4946	5
4947	9
4948	9
4949	8
4950	5
4951	5
4952	5
4953	2
4954	2
4955	9
4956	9
4957	5
4958	2
4959	9
4960	1
4961	5
4962	5
4963	5
4964	9
4965	9
4966	5
4967	5
4968	2
4969	6
4970	1
4971	2
4972	5
4973	1
4974	1
4975	2
4976	1
4977	2
4978	8
4979	3
4980	4
4981	6
4982	2
4983	5
4984	5
4985	2
4986	1
4987	9
4988	6
4989	5
4990	2
4991	2
4992	9
4993	3
4994	2
4995	2
4996	6
4997	2
4998	6
4999	2
5000	2
5001	1
5002	9
